{
    "Some important facts on the respiratory system": [
        "www.biologydictionary.net/respiratory-system-fun-facts",
        "www.my.clevelandclinic.org/health/articles/21205-respiratory-system",
        "www.livescience.com/44105-respiratory-system-surprising-facts.html",
        "www.medicalnewstoday.com/articles/respiratory-system",
        "www.livescience.com/22616-respiratory-system.html"
    ],
    "You want to text dirty with your boyfriend what should you say": [
        "www.popxo.com/article/dirty-talk-phrases-to-text-your-boyfriend",
        "www.vixendaily.com/love/how-to-turn-a-guy-on-by-text-to-make-him-hard",
        "www.marriage.com/advice/physical-intimacy/10-super-sexy-things-to-text-that-will-get-him-in-the-mood",
        "www.lovedevani.com/dirty-things-to-say-to-him",
        "www.healthline.com/health/healthy-sex/talking-dirty"
    ],
    "Can you give me example of anecdotes by the filipino writers": [
        "www.theculturetrip.com/asia/philippines/articles/the-filipino-authors-you-should-know",
        "www.muntingnayon.com/103/103981",
        "www.answers.com/Q/What_are_examples_of_Filipino_anecdotes",
        "www.quora.com/What-are-some-essays-by-Filipino-authors",
        "www.kids.lovetoknow.com/kids-books-reading-tips/short-stories-by-filipino-writers",
        "www.examples.yourdictionary.com/examples-of-anecdotes.html"
    ],
    "How do you figure sq ft for a house": [
        "www.realtor.com/advice/sell/how-to-calculate-square-feet",
        "www.fortunebuilders.com/how-to-calculate-square-feet-of-house",
        "www.listwithclever.com/real-estate-blog/how-to-calculate-square-footage",
        "www.redfin.com/blog/how-to-calculate-the-square-footage-of-your-home",
        "www.bankrate.com/real-estate/determine-square-footage-of-home",
        "www.calculatorsoup.com/calculators/construction/square-footage-calculator.php"
    ],
    "What city is the iffel tower": [
        "www.britannica.com/topic/Eiffel-Tower-Paris-France",
        "www.toureiffel.paris/en/the-monument",
        "www.history.com/topics/landmarks/eiffel-tower",
        "www.en.wikipedia.org/wiki/Eiffel_Tower"
    ],
    "Hw big are sperm whales up to dinosaurs": [
        "www.thoughtco.com/megalodon-vs-leviathan-who-wins-1092427",
        "www.abcnews.go.com/Technology/whales-huge-limits-bigger/storyid=67851804",
        "www.thoughtco.com/prehistoric-whale-pictures-and-profiles-4043330",
        "www.slate.com/technology/2014/04/whales-or-dinosaurs-what-are-the-biggest-heaviest-longest-animals-ever.html",
        "www.cyprus-mail.com/2023/01/28/for-whales-study-shows-gigantism-is-in-the-genes"
    ],
    "What is not part of a biology": [
        "www.britannica.com/science/biology",
        "www.livescience.com/44549-what-is-biology.html",
        "www.bioexplorer.net/divisions_of_biology",
        "www.leverageedu.com/blog/branches-of-biology",
        "www.askabiologist.asu.edu/what-do-biologists-do"
    ],
    "What is the radio code for a 2005 renault clio sport 182 cup": [
        "www.cliosport.net/threads/radio-unlock-code.712085",
        "www.freeradiocodes.co.uk/renault-clio-radio-code",
        "www.carmanualshub.com/renault-radio-code-list",
        "www.reddit.com/r/cars/comments/1hfaef/anybody_know_the_radio_code_for_a_renault_clio"
    ],
    "How many troops are in a modern marine battalion": [
        "www.stacker.com/military/us-marines-numbers",
        "www.defense.gov/Multimedia/Experience/Military-Units/Marine-Corps",
        "www.defenseone.com/policy/2021/06/marine-corps-experimenting-less-grunts-and-more-tech-future-infantry-battalions/174891",
        "www.cfr.org/backgrounder/modern-military-force-structures",
        "www.battleorder.org/us-marine-platoon-2020"
    ],
    "More defines for respect": [
        "www.merriam-webster.com/thesaurus/respect",
        "www.thesaurus.com/browse/respect",
        "www.c-q-l.org/resources/articles/respect-what-does-it-really-mean",
        "www.blog.cognifit.com/respect",
        "www.indeed.com/career-advice/career-development/workplace-respect"
    ],
    "Why your deserts so hot": [],
    "Are the decomposer that live in the ocean": [],
    "Site where vladimir lenin is kept": [
        "www.atlasobscura.com/places/lenins-mausoleum",
        "www.britannica.com/biography/Vladimir-Lenin",
        "www.en.wikipedia.org/wiki/Lenin%27s_Mausoleum",
        "www.pbs.org/newshour/health/how-the-quest-to-preserve-lenins-body-helps-the-living",
        "www.theguardian.com/world/2016/may/09/lenin-lab-team-keeping-first-soviet-leader-embalmed-moscow"
    ],
    "Codes to get weapons in poptropica": [
        "www.poptropica-help.fandom.com/wiki/Cheat_Codes",
        "www.ign.com/wikis/poptropica-game/Cheats_and_Secrets",
        "www.poptropica.com/blog/2021/10/riddling-rumpel-challenges-poptropicans-fairytale-twist-side-quest-walkthrough",
        "www.cheatspoptropica.webs.com/cheats-codes-glitches",
        "www.poptropicasecrets.com"
    ],
    "How many grammys does alicia keys have now": [
        "www.harpersbazaar.com/culture/art-books-music/a26207176/how-many-grammys-does-alicia-keys-have",
        "www.grammy.com/artists/alicia-keys/12104",
        "www.popsugar.com/entertainment/How-Many-Grammys-Does-Alicia-Keys-Have-45767024",
        "www.en.wikipedia.org/wiki/List_of_awards_and_nominations_received_by_Alicia_Keys",
        "www.capitalxtra.com/artists/alicia-keys/lists/facts-about/how-many-grammy-awards",
        "www.billboard.com/music/awards/alicia-keys-host-61st-grammy-awards-8493625"
    ],
    "What level does pineco evovle at": [
        "www.pokemondb.net/pokedex/pineco",
        "www.bulbapedia.bulbagarden.net/wiki/Pineco_(Pok%C3%A9mon)",
        "www.pokemondb.net/pokedex/forretress",
        "www.sportskeeda.com/pokemon/pineco",
        "www.samurai-gamers.com/pokemon-ultra-sun-and-moon/pineco-pokedex-data"
    ],
    "How many toes does an ostrich have": [
        "www.similarbutdifferentanimals.com/2017/05/21/ostriches-and-emus-how-many-toes",
        "www.livescience.com/27433-ostriches.html",
        "www.kidadl.com/facts/ostrich-feet-interesting-facts-that-you-may-not-know",
        "www.onekindplanet.org/animal/ostrich",
        "www.en.wikipedia.org/wiki/Bird_feet_and_legs"
    ],
    "How does an iphone compare to a blackberry": [
        "www.differencebetween.com/difference-between-iphone-and-vs-blackberry",
        "www.macworld.com/article/196858/blackberry_vs_iphone.html",
        "www.techspirited.com/which-is-better-iphone-or-blackberry",
        "www.dailydot.com/debug/blackberry-vs-apple-iphone",
        "www.macworld.com/article/562752/blackberry-devices-software-obsolete-iphone.html"
    ],
    "How did darius reorganize and improve the persian government": [
        "www.reference.com/history-geography/did-darius-improve-persian-government-99d5a19f57607c64",
        "www.britannica.com/biography/Darius-I",
        "www.livius.org/articles/person/darius-the-great/6-organizing-the-empire",
        "www.human.libretexts.org/Bookshelves/History/World_History/Book%3A_Western_Civilization_-_A_Concise_History_I_(Brooks)/06%3A_Persia_and_the_Greek_Wars/6.02%3A_The_Persian_Government",
        "www.teacherscollegesj.org/how-did-darius-organize-the-persian-empire"
    ],
    "What are lyrics of the star spangled banner": [
        "www.amhistory.si.edu/starspangledbanner/pdf/ssb_lyrics.pdf",
        "www.amhistory.si.edu/starspangledbanner/the-lyrics.aspx",
        "www.songlyrics.com/francis-scott-key/star-spangled-banner-lyrics",
        "www.the-sun.com/news/344903/us-national-anthem-lyrics-star-spangled-banner-words-united-states",
        "www.britannica.com/topic/The-Star-Spangled-Banner"
    ],
    "What do the uniting church believe about the bible": [
        "www.uniting.church/ourbeliefs",
        "www.learnreligions.com/unity-beliefs-and-practices-700122",
        "www.umc.org/en/content/theological-guidelines-scripture",
        "www.umc.org/en/content/our-christian-roots-the-bible",
        "www.uua.org/beliefs/what-we-believe/sacred-texts/bible"
    ],
    "Number of babies a polar bear can have": [
        "www.polarbearfacts.net/how-many-babies-can-a-polar-bear-have",
        "www.seaworld.org/animals/all-about/polar-bear/care-of-young",
        "www.polarbearfacts.net/polar-bear-cubs-facts-interesting-facts-about-baby-polar-bears",
        "www.arcticwwf.org/species/polar-bear/reproduction",
        "www.polarbearsinternational.org/polar-bears-changing-arctic/polar-bear-facts/life-cycle"
    ],
    "What is 4th Earl of Sandwich": [
        "www.britannica.com/biography/John-Montagu-4th-Earl-of-Sandwich",
        "www.en.wikipedia.org/wiki/John_Montagu,_4th_Earl_of_Sandwich",
        "www.history.com/news/sandwich-inventor-john-montagu-earl-of-sandwich",
        "www.en.wikipedia.org/wiki/Earl_of_Sandwich",
        "www.huffpost.com/entry/earl-of-sandwich-john-montagu_n_5ba151d4e4b046313fc02347"
    ],
    "What do mediaval princesses wear": [
        "www.timothyrjeveland.com/list-of-medieval-clothing-terms",
        "www.quora.com/What-did-a-medieval-princess-wear",
        "www.blisstulle.com/what-did-medieval-princesses-wear-on-their-head",
        "www.smithsonianmag.com/smart-news/medieval-cone-shaped-princess-hats-were-inspired-by-mongol-warrior-women-180948217",
        "www.medievalchronicles.com/medieval-clothing"
    ],
    "What did Medea give Jason to prtect him self": [
        "www.interestingliterature.com/2021/11/jason-medea-myth-summary-analysis",
        "www.litcharts.com/lit/medea/characters/jason",
        "www.sparknotes.com/lit/medea/section10",
        "www.sparknotes.com/lit/medea/section5",
        "www.answers.com/Q/What_did_Medea_give_Jason_to_protect_him_from_the_fire_breathing_bulls_and_to_make_the_dragon_sleep"
    ],
    "How many miles are in africa": [
        "www.britannica.com/place/Africa",
        "www.visualcapitalist.com/map-true-size-of-africa",
        "www.nationalgeographic.org/encyclopedia/africa-physical-geography",
        "www.worldatlas.com/articles/how-big-is-africa.html",
        "www.media.nationalgeographic.org/assets/file/Africa_How_Big_is_Africa.pdf"
    ],
    "What did queen latifah influence": [
        "www.britannica.com/biography/Queen-Latifah",
        "www.pushblack.us/news/queen-latifahs-powerful-lasting-influence-black-culture",
        "www.femestella.com/queen-latifah-impact-on-pop-culture-is-wildly-underappreciated",
        "www.walnutcreekband.org/queen-latifah-helped-to-bring-what-musical-influences-to-hip-hop",
        "www.huffpost.com/entry/queen-latifah-rap-feminism_n_560b2a83e4b0af3706de83e5",
        "www.imdb.com/name/nm0001451/bio"
    ],
    "What is a natuaral fathers rights": [
        "www.childwelfare.gov/pubpdfs/putative.pdf",
        "www.legaldictionary.net/fathers-rights",
        "www.findlaw.com/family/paternity/fathers-rights.html",
        "www.mymodernlaw.com/what-rights-do-i-have-as-a-father",
        "www.verywellfamily.com/fathers-rights-groups-in-us-2997692"
    ],
    "What is excluded from OSHA": [
        "www.compliancy-group.com/who-is-not-covered-by-osha",
        "www.osha.gov/recordkeeping/presentations/exempttable",
        "www.shrm.org/ResourcesAndTools/hr-topics/risk-management/Pages/Exempt-OSHA-Recordkeeping-Requirements.aspx",
        "www.fortune.com/2021/11/15/osha-vaccine-mandate-exemptions",
        "www.osha.gov/recordkeeping/presentations/covered"
    ],
    "How did your universe form": [
        "www.livescience.com/65819-how-did-the-universe-begin.html",
        "www.bbc.com/future/article/20140812-how-was-the-universe-created",
        "www.nationalgeographic.com/science/article/origins-of-the-universe",
        "www.amnh.org/explore/ology/astronomy/how-did-the-universe-begin",
        "www.astrobiology.nasa.gov/education/alp/how-did-our-solar-system-form"
    ],
    "5 pillars of faith are like": [
        "www.wakethechurch.org/articles/the-five-pillars-of-the-christian-faith",
        "www.thechristiananswer.org/what-is-a-christian/what-do-christians-believe",
        "www.majorreligions.com/five_pillars_of_faith.php",
        "www.history.com/topics/religion/islam",
        "www.khanacademy.org/humanities/ap-art-history/introduction-cultures-religions-apah/islam-apah/a/the-five-pillars-of-islam"
    ],
    "What is ryan sheckler worth": [
        "www.wealthypersons.com/ryan-sheckler-net-worth-2020-2021",
        "www.celebritynetworth.com/richest-athletes/skateboarders/ryan-sheckler-net-worth",
        "www.the-sun.com/entertainment/2836150/ryan-sheckler-net-worth",
        "www.thesun.co.uk/tvandshowbiz/celebrities/14873307/ryan-sheckler-net-worth",
        "www.taddlr.com/celebrity/ryan-sheckler",
        "www.sportsmanist.com/what-is-ryan-sheckler-net-worth"
    ],
    "Where is the river murrays source": [
        "www.britannica.com/place/Murray-River",
        "www.en.wikipedia.org/wiki/Murray_River",
        "www.murrayriver.com.au/about-the-murray",
        "www.worldatlas.com/rivers/murray-river.html",
        "www.etaunknown.com/expeditions/murray-river/source"
    ],
    "Who is the leader of azerbaijan": [
        "www.en.wikipedia.org/wiki/President_of_Azerbaijan",
        "www.president.az/en",
        "www.en.wikipedia.org/wiki/List_of_heads_of_state_of_Azerbaijan",
        "www.britannica.com/place/Azerbaijan",
        "www.en.wikipedia.org/wiki/Prime_Minister_of_Azerbaijan"
    ],
    "How many calories in one hot dog with bun": [
        "www.livestrong.com/article/308529-calories-in-a-hot-dog-bun",
        "www.healthline.com/nutrition/hot-dog-calories",
        "www.hot-dog.org/resources/Hot-Dog-and-Sausage-Nutrition-Guide",
        "www.myfitnesspal.com/food/calories/hot-dog-with-bun-258781452",
        "www.medicinenet.com/how_many_calories_are_in_hot_dog_with_without_bun/article.htm"
    ],
    "Where hydroelectic energy id from": [
        "www.nationalgeographic.org/encyclopedia/hydroelectric-energy",
        "www.energy.gov/eere/water/hydropower-basics",
        "www.britannica.com/science/hydroelectric-power",
        "www.nrel.gov/research/hydropower.html",
        "www.eia.gov/energyexplained/hydropower"
    ],
    "How many voyages did christopher columbus make": [
        "www.history.com/topics/exploration/christopher-columbus",
        "www.britannica.com/biography/Christopher-Columbus",
        "www.en.wikipedia.org/wiki/Voyages_of_Christopher_Columbus",
        "www.britannica.com/biography/Christopher-Columbus/The-second-and-third-voyages",
        "www.britannica.com/biography/Christopher-Columbus/The-first-voyage",
        "www.britannica.com/summary/Christopher-Columbus-Timeline"
    ],
    "What is vanessa hudgens background": [
        "www.imdb.com/name/nm1227814/bio",
        "www.biography.com/actor/vanessa-hudgens",
        "www.thefamouspeople.com/profiles/vanessa-hudgens-4404.php",
        "www.imdb.com/name/nm1227814",
        "www.ethnicelebs.com/vanessa-hudgens",
        "www.en.wikipedia.org/wiki/Vanessa_Hudgens"
    ],
    "What languages are spoken the united kingdom": [
        "www.worldatlas.com/articles/what-languages-are-spoken-in-the-united-kingdom.html",
        "www.en.wikipedia.org/wiki/Languages_of_the_United_Kingdom",
        "www.babbel.com/en/magazine/most-spoken-languages-in-united-kingdom",
        "www.blog.lingoda.com/en/what-languages-are-spoken-in-the-uk",
        "www.study-uk.britishcouncil.org/why-study/about-uk/language",
        "www.statista.com/topics/2288/languages-in-the-united-kingdom"
    ],
    "How many movies did Julie Andrews play in": [
        "www.tvguide.com/celebrities/julie-andrews/credits/3000397306",
        "www.imdb.com/name/nm0000267",
        "www.britannica.com/biography/Julie-Andrews",
        "www.imdb.com/name/nm0000267/bio",
        "www.imdb.com/list/ls058190292"
    ],
    "Something in a bathroom with a J": [
        "www.wordschools.com/a-to-z-bathroom-items",
        "www.infoaway.com/bathroom-items-starting-with-a-to-z",
        "www.qa.answers.com/games-qa/What_are_some_bathroom_items_that_begin_with_the_letter_J",
        "www.enchantedlearning.com/wordlist/bathroom.shtml",
        "www.answerdatabase.org/something-in-the-bathroom-that-strts-with-j",
        "www.plumbingsupply.com/i-j-k.html"
    ],
    "What can nuclear energy be converted to": [
        "www.nationalgeographic.org/encyclopedia/nuclear-energy",
        "www.iaea.org/newscenter/news/what-is-nuclear-energy-the-science-of-nuclear-power",
        "www.britannica.com/technology/energy-conversion/Discovery-and-application-of-nuclear-energy",
        "www.energy.gov/ne/articles/3-surprising-ways-use-nuclear-energy",
        "www.energy.gov/science/doe-explainsnuclear-fusion-reactions"
    ],
    "Is WWE freaking fake": [
        "www.sportskeeda.com/wwe/is-wwe-real-or-fake",
        "www.forbes.com/sites/blakeoestriecher/2019/03/14/wwe-needs-to-stop-telling-its-fans-that-wrestling-is-fake",
        "www.grunge.com/30419/reasons-wwe-totally-fake",
        "www.digitalspy.com/tv/ustv/a30760894/wwe-wrestling-wrestlemania-raw-smackdown-real-fake",
        "www.viebly.com/is-wwe-fake",
        "www.thecoldwire.com/is-the-wwe-fake",
        "www.reddit.com/r/WWE/comments/5x84ic/is_wwe_fake"
    ],
    "How do you build a bridge out of popsical sticks": [
        "www.wikihow.com/Build-a-Bridge-with-Popsicle-Sticks",
        "www.instructables.com/Popsicle-Stick-Bridge",
        "www.garrettsbridges.com/building/how-to-build-a-popsicle-stick-bridge",
        "www.teachbesideme.com/popsicle-stick-bridge"
    ],
    "The language of origin of the word karate": [
        "www.etymonline.com/word/karate",
        "www.britannica.com/sports/karate",
        "www.dictionary.com/browse/karate",
        "www.merriam-webster.com/dictionary/karate",
        "www.theculturetrip.com/asia/japan/articles/the-origins-of-karate"
    ],
    "The advantagous of being a doctor": [
        "www.futureofworking.com/16-major-pros-and-cons-of-being-a-doctor",
        "www.indeed.com/career-advice/finding-a-job/reasons-to-become-doctor",
        "www.indeed.com/career-advice/finding-a-job/pros-and-cons-of-being-doctor",
        "www.sgu.edu/blog/medical/is-being-a-doctor-worth-it",
        "www.medexpress.com/about/newsroom/press-releases-media-coverage/medexpress-benefits-of-being-a-doctor.html"
    ],
    "What are the typical daily temperature swings on mars": [
        "www.space.com/16907-what-is-the-temperature-of-mars.html",
        "www.mars.nasa.gov/insight/weather",
        "www.mars.nasa.gov/msl/weather",
        "www.en.wikipedia.org/wiki/Climate_of_Mars",
        "www.earthsky.org/space/temps-in-mars-atmosphere-mars-rise-and-fall-twice-a-day"
    ],
    "What is the most feared gang diablos or bloodz or crips": [
        "www.quora.com/Which-group-is-more-powerful-dangerous-the-Bloods-or-the-Crips",
        "www.ojp.gov/ncjrs/virtual-library/abstracts/crips-and-bloods-informational-guide-investigator",
        "www.grunge.com/456875/the-worlds-most-dangerous-gangs",
        "www.criminaldatacheck.com/10-most-dangerous-gangs-in-the-united-states",
        "www.gazettereview.com/top-10-dangerous-gangs",
        "www.therichest.com/rich-list/10-of-the-most-lethal-gangs-in-america"
    ],
    "What is amy dumas full name": [
        "www.imdb.com/name/nm0241421/bio",
        "www.famousbirthdays.com/people/amy-dumas.html",
        "www.thefamouspeople.com/profiles/amy-dumas-lita-9611.php",
        "www.thestickyfacts.com/amy-dumas-facts",
        "www.celebsagewiki.com/amy-dumas"
    ],
    "Where can you get a groudon in soul silver": [
        "www.wikihow.com/Catch-Groudon-in-Pok%C3%A9mon-SoulSilver",
        "www.pokemondb.net/pokebase/226499/how-to-get-groudon-in-pokemon-soulsilver",
        "www.supercheats.com/guides/pokemon-soul-silver/groudon",
        "www.pokemondb.net/pokedex/groudon",
        "www.serebii.net/heartgoldsoulsilver/legends.shtml"
    ],
    "What are the properties of C45 Steel": [
        "www.theworldmaterial.com/1-0503-material-c45-steel",
        "www.materialwelding.com/aisi-1045-steel-s45c-c45-properties",
        "www.steelnumber.com/en/steel_composition_eu.phpname_id=152",
        "www.metinvestholding.com/en/products/steel-grades/45",
        "www.materialgrades.com/c45-medium-carbon-steel-grade-2082.html"
    ],
    "Which president pardoned Ricard Nixon": [
        "www.history.com/this-day-in-history/ford-pardons-nixon",
        "www.history.com/this-day-in-history/ford-explains-his-pardon-of-nixon-to-congress",
        "www.en.wikipedia.org/wiki/Pardon_of_Richard_Nixon",
        "www.cnn.com/2020/09/13/politics/gerald-ford-richard-nixon-pardon-wolf-what-matters/index.html",
        "www.presidency.ucsb.edu/documents/proclamation-4311-granting-pardon-richard-nixon",
        "www.constitutioncenter.org/blog/the-nixon-pardon-in-retrospect"
    ],
    "Boethius wrote or music of the university": [
        "www.mathshistory.st-andrews.ac.uk/Biographies/Boethius",
        "www.britannica.com/biography/Anicius-Manlius-Severinus-Boethius",
        "www.chaucer.fas.harvard.edu/pages/boethius-c-480-584",
        "www.study.com/academy/lesson/anicius-boethius-biography-music.html",
        "www.brainly.com/question/13675511"
    ],
    "How many grams is in a cup of whole wheat pasta": [
        "www.barilla.com/en-us/help/measuring-pasta",
        "www.eatthismuch.com/food/nutrition/whole-wheat-pasta,4879",
        "www.coolconversion.com/cooking-volume-weight/1~cup~of~cooked+pasta~to~gram",
        "www.myplate.gov/eat-healthy/grains",
        "www.wholegrainscouncil.org/whole-grains-101/how-much-enough/what-counts-serving"
    ],
    "A list of the most famous baseball players": [
        "www.britannica.com/list/10-greatest-baseball-players-of-all-time",
        "www.espn.com/mlb/story/_/id/33145121/top-100-mlb-players-all",
        "www.espn.com/mlb/story/_/id/33158613/top-100-mlb-players-all-nos-25-1",
        "www.ranker.com/list/list-of-famous-baseball-players/reference",
        "www.thefamouspeople.com/base-ball-players.php"
    ],
    "The good side of corporal punishment": [
        "www.connectusfund.org/18-corporal-punishment-pros-and-cons",
        "www.britannica.com/story/pro-and-con-corporal-punishment",
        "www.legalbeagle.com/8211462-advantages-corporal-punishment.html",
        "www.gse.harvard.edu/news/19/12/consequences-corporal-punishment",
        "www.who.int/news-room/fact-sheets/detail/corporal-punishment-and-health"
    ],
    "What country do oats grow in": [
        "www.worldatlas.com/articles/the-top-oat-producing-nations-in-the-world.html",
        "www.britannica.com/topic/oats",
        "www.en.wikipedia.org/wiki/Oat",
        "www.morningchores.com/growing-oats",
        "www.nairns.com/blog/where-do-oats-come"
    ],
    "How much does modified dirt track car cost": [
        "www.racingjunk.com/category/dirt-oval-racing-cars/modifieds/66",
        "www.reddit.com/r/DirtRacing/comments/93a7yw/how_much_does_it_cost_to_run_a_dirt_modified",
        "www.racingnews.co/2019/07/09/randy-weaver-on-dirt-late-model-costs",
        "www.quora.com/What-is-the-average-price-paid-by-a-dirt-modified-race-car-sponsor-by-the-size-of-the-ad",
        "www.racingexperience.com/dirt-car-pricing"
    ],
    "What is the punishment for vandalsim in texas": [
        "www.findlaw.com/state/texas-law/texas-vandalism-laws.html",
        "www.texasclarkfirm.com/blog/2018/may/punishments-for-vandalism-in-texas",
        "www.zenlawfirm.com/blog/penalties-for-vandalism-in-texas",
        "www.pcsbailbonds.com/what-is-the-punishment-for-vandalism-in-texas",
        "www.criminaldefenselawyer.com/crime-penalties/federal/Vandalism.htm"
    ],
    "What city does shane dawson live": [
        "www.distractify.com/p/where-does-shane-dawson-live",
        "www.nypost.com/2021/08/27/youtuber-shane-dawson-buys-colorado-home-amid-controversies",
        "www.dirt.com/gallery/entertainers/influencers/shane-dawson-house-parker-colorado-1203420625",
        "www.velvetropes.com/backstage/shane-dawson-house",
        "www.dailymail.co.uk/femail/article-9934345/Shane-Dawson-fianc-Ryland-Adams-drop-2-2-million-Colorado-home.html"
    ],
    "What will happen if you overdose on aspirin": [
        "www.healthline.com/health/aspirin-overdose",
        "www.drugs.com/medical-answers/aspirin-overdose-symptoms-diagnosis-emergency-3558001",
        "www.mountsinai.org/health-library/poison/aspirin-overdose",
        "www.medlineplus.gov/ency/article/002542.htm",
        "www.webmd.com/first-aid/aspirin-poisoning",
        "www.thelist.com/594307/when-you-take-too-much-aspirin-this-is-what-happens-to-you",
        "www.en.wikipedia.org/wiki/Salicylate_poisoning"
    ],
    "How many calories in a cup if fresh strawberries": [
        "www.nutritionix.com/food/strawberries/1-cup",
        "www.fatsecret.com/calories-nutrition/usda/strawberries",
        "www.healthline.com/nutrition/foods/strawberries",
        "www.calorieking.com/us/en/foods/f/calories-in-fresh-fruits-strawberries-raw/NsIBjuDhSZGOTQgls1Pmdw",
        "www.fatsecret.com/calories-nutrition/usda/strawberriesportionid=33403&portionamount=1.000"
    ],
    "Which sport is eminem 's favorite": [
        "www.starsunfolded.com/eminem",
        "www.bleacherreport.com/articles/993561-every-nfl-teams-biggest-celebrity-fan",
        "www.sports.answers.com/music-and-radio/What_is_Eminem%27s_favorite_sport",
        "www.thethings.com/heres-what-we-know-about-eminem-and-his-relationship-to-pro-sports",
        "www.moneynation.com/eminem-facts"
    ],
    "What is the principle component of air": [
        "www.thoughtco.com/chemical-composition-of-air-604288",
        "www.scied.ucar.edu/learning-zone/air-quality/whats-in-the-air",
        "www.byjus.com/chemistry/components-of-air",
        "www.vedantu.com/chemistry/components-of-air",
        "www.byjus.com/physics/air-composition-properties"
    ],
    "What is th relative location of Germany": [
        "www.worldatlas.com/maps/germany",
        "www.britannica.com/place/Germany",
        "www.countryreports.org/country/Germany/geography.htm",
        "www.britannica.com/place/Berlin",
        "www.answers.com/natural-sciences/What_is_Germany%27s_relative_location",
        "www.touropia.com/regions-of-germany-map"
    ],
    "How do you feel a boob without henr noticing": [
        "www.youtube.com/watchv=bRHYfnHSayk",
        "www.healthline.com/health/womens-health/nipple-orgasm",
        "www.wikihow.com/Check-Out-a-Girl-Without-Her-Noticing",
        "www.healthline.com/health/womens-health/going-braless",
        "www.quora.com/How-do-you-accidentally-touch-a-girls-breast",
        "www.qa.answers.com/other-qa/How_do_you_touch_the_breasts_of_a_girl_without_her_noticing_it",
        "www.qa.answers.com/other-qa/How_can_you_touch_a_women%27s_breasts_without_them_noticing"
    ],
    "What city dose demi lovato live in": [
        "www.celebanswers.com/where-does-demi-lovato-live",
        "www.nickiswift.com/369719/where-does-demi-lovato-live-and-how-big-is-her-house",
        "www.velvetropes.com/backstage/demi-lovato-house",
        "www.heavy.com/entertainment/2020/04/demi-lovato-house-home-where-lives",
        "www.latimes.com/business/real-estate/story/2020-06-15/demi-lovatos-hollywood-hills-home-sells-for-8-25-million",
        "www.biography.com/musician/demi-lovato"
    ],
    "What is hte climate in denmark": [
        "www.britannica.com/place/Denmark/Climate",
        "www.tripsavvy.com/denmark-monthly-weather-averages-4134974",
        "www.climatestotravel.com/climate/denmark",
        "www.visitnordic.com/en/article/weather-in-denmark",
        "www.weather-and-climate.com/average-monthly-Rainfall-Temperature-Sunshine-in-Denmark",
        "www.timeanddate.com/weather/denmark/copenhagen/climate"
    ],
    "What is strong emotion": [
        "www.collinsdictionary.com/dictionary/english/strong-emotions",
        "www.verywellmind.com/what-are-emotions-2795178",
        "www.psychologytoday.com/us/blog/intense-emotions-and-strong-feelings",
        "www.psychologytoday.com/us/blog/peaceful-parents-happy-kids/201710/10-tips-manage-strong-emotions",
        "www.merriam-webster.com/dictionary/emotion"
    ],
    "How does basketball related to science": [
        "www.sciencemadefun.net/blog/the-science-of-basketball",
        "www.reference.com/world-view/basketball-related-science-8a6bceba432615d3",
        "www.scienceoxygen.com/how-is-basketball-related-to-science",
        "www.scientificamerican.com/report/the-science-of-basketball",
        "www.stemsports.com/science-of-basketball"
    ],
    "What was the colossus of rhodes a statue of": [
        "www.britannica.com/topic/Colossus-of-Rhodes",
        "www.en.wikipedia.org/wiki/Colossus_of_Rhodes",
        "www.worldhistory.org/Colossus_of_Rhodes",
        "www.nationalgeographic.com/history/history-magazine/article/colossus-of-rhodes-ancient-greece-statue",
        "www.study.com/learn/lesson/colossus-of-rhodes-history-facts.html"
    ],
    "What are the effects of a plant of mineral deficiency": [
        "www.extension.wvu.edu/lawn-gardening-pests/plant-disease/nutrient-deficiencies-in-plants",
        "www.studysmarter.us/explanations/biology/plant-biology/mineral-deficiency",
        "www.bbc.co.uk/bitesize/guides/z3tgw6f/revision/2",
        "www.nparks.gov.sg/nparksbuzz/oct-issue-2020/gardening/identifying-nutrient-deficiency-in-plants",
        "www.bbc.co.uk/bitesize/guides/z3w4k7h/revision/7"
    ],
    "The scientific name of the windpipe": [
        "www.my.clevelandclinic.org/health/body/21828-trachea",
        "www.verywellhealth.com/trachea-function-and-conditions-and-diagram-2249207",
        "www.en.wikipedia.org/wiki/Trachea",
        "www.quizlet.com/253616127/abeka-7th-grade-science-test-3-flash-cards",
        "www.dictionary.com/browse/trachea"
    ],
    "Where does the lena river go into": [
        "www.en.wikipedia.org/wiki/Lena_(river)",
        "www.worldatlas.com/articles/where-does-the-lena-river-flow.html",
        "www.britannica.com/place/Lena-River",
        "www.tripadvisor.com/Attraction_Review-g298523-d304354-Reviews-Lena_River-Siberian_District.html",
        "www.simple.wikipedia.org/wiki/Lena_River"
    ],
    "What is the tax called on export": [
        "www.trade.gov/determine-total-export-price",
        "www.bizfluent.com/info-7981557-export-taxes.html",
        "www.thetaxadviser.com/issues/2020/aug/export-tax-incentives-tcja.html",
        "www.nerdwallet.com/article/taxes/vat-value-added-tax",
        "www.2016.export.gov/logistics/eg_main_018130.asp"
    ],
    "What are the two photosynthesis": [
        "www.nationalgeographic.org/encyclopedia/photosynthesis",
        "www.khanacademy.org/science/ap-biology/cellular-energetics/photosynthesis/a/intro-to-photosynthesis",
        "www.sciencing.com/two-stages-photosynthesis-5421327.html",
        "www.britannica.com/science/photosynthesis",
        "www.khanacademy.org/science/ap-biology/cellular-energetics/photosynthesis/a/hs-photosynthesis-review"
    ],
    "Que paso con diego rivera revolucion mexicana": [
        "www.gatopardo.com/noticias-actuales/diego-rivera-revolucion-mexicana-muralismo",
        "www.mexicosocial.org/diego-rivera-y-la-revolucion",
        "www.historia.nationalgeographic.com.es/a/diego-rivera-pintor-identidad-mexicana_14934",
        "www.heraldodemexico.com.mx/cultura/2020/11/24/diego-rivera-revolucion-desde-la-arquitectura-el-pincel-228487.html"
    ],
    "8 ounces is how many millilitres": [
        "www.convertsumo.com/8-oz-to-ml",
        "www.calculateme.com/volume/fluid-ounces/to-milliliters/8",
        "www.theunitconverter.com/ounce-to-milliliter-conversion/8-ounce-to-milliliter.html",
        "www.convertunits.com/from/8+oz/to/ml",
        "www.conversion-metric.org/volume/ounce-to-milliliter",
        "www.whatisconvert.com/8-fluid-ounces-in-milliliters"
    ],
    "Where is the Dell inc HQ location": [
        "www.dell.com/en-us/dt/office-locations.htm",
        "www.britannica.com/topic/Dell-Inc",
        "www.dnb.com/business-directory/company-profiles.dell_inc.e161e4026af3d09425b8f3e0fcbe5320.html",
        "www.globaldata.com/company-profile/dell-technologies-inc/locations",
        "www.craft.co/dell-technologies/locations"
    ],
    "What is th function for nucleus": [
        "www.medicinenet.com/what_are_the_3_functions_of_the_nucleus/article.htm",
        "www.britannica.com/science/nucleus-biology",
        "www.sciencetrends.com/function-nucleus-plant-animal-cells",
        "www.khanacademy.org/science/biology/structure-of-a-cell/prokaryotic-and-eukaryotic-cells/a/nucleus-and-ribosomes",
        "www.thoughtco.com/the-cell-nucleus-373362"
    ],
    "Best site to download aimbot for cod4": [
        "www.youtube.com/watchv=O_XYVAxqMyw",
        "www.youtube.com/watchv=pRvS2E1qcI8",
        "www.iwantcheats.net/call-of-duty-black-ops-4-cheats-hacks-aimbot",
        "www.mpgh.net/forum/showthread.phpt=854293",
        "www.gamebanana.com/scripts/games/605",
        "www.iwantcheats.net",
        "www.sway.office.com/EG57Z7cMRIjmt2A4"
    ],
    "What causes the soil to be red": [
        "www.vedantu.com/geography/red-soil",
        "www.homeguides.sfgate.com/dirt-red-color-101282.html",
        "www.en.wikipedia.org/wiki/Red_soil",
        "www.en.wikipedia.org/wiki/Soil_color",
        "www.earthsciweek.org/classroom-activities/soil-color-and-redox-chemistry"
    ],
    "Where is vinson massif located in the antartica": [
        "www.nationalgeographic.org/encyclopedia/mount-vinson",
        "www.britannica.com/place/Vinson-Massif",
        "www.en.wikipedia.org/wiki/Vinson_Massif",
        "www.livescience.com/41122-mount-vinson-antarcticas-highest-mountain.html",
        "www.liveabout.com/climbing-facts-about-mount-vison-756091"
    ],
    "America and Italy dont have in common": [
        "www.insider.com/things-only-in-america-2018-3",
        "www.bostonglobe.com/2021/01/22/opinion/note-italy-america",
        "www.buzzfeed.com/hannahloewentheil/american-things-europe-doesnt-have",
        "www.huffpost.com/entry/american-in-italy_n_4235479",
        "www.insider.com/products-only-americans-use-2019-9",
        "www.answers.com/Q/What_do_Italy_and_America_have_in_common"
    ],
    "How many decimals are in a centimeter": [
        "www.convertunits.com/from/cm/to/decimal",
        "www.unitconverters.net/length-converter.html",
        "www.khanacademy.org/math/cc-fourth-grade-math/imp-measurement-and-data-2/imp-converting-units-of-length/v/converting-metric-distance",
        "www.study.com/academy/lesson/what-is-a-centimeter-definition-conversion.html",
        "www.metric-conversions.org/length/centimeters-to-decimeters.htm"
    ],
    "When is lil wayne real name": [
        "www.britannica.com/biography/Lil-Wayne",
        "www.biography.com/musician/lil-wayne",
        "www.en.wikipedia.org/wiki/Lil_Wayne",
        "www.thefamouspeople.com/profiles/lil-wayne-9156.php",
        "www.biographymask.com/lil-wayne"
    ],
    "What deraction is irleand": [
        "www.google.com/maps/place/Ireland",
        "www.mapquest.com/great-britain/ireland-282401647",
        "www.tripadvisor.com/ShowTopic-g186591-i88-k12249795-Which_direction-Ireland.html",
        "www.drivingdirections.net/ireland",
        "www.drivingdirectionsgooglemaps.com/ireland"
    ],
    "In what year did clovis convert to Christianity": [
        "www.britannica.com/biography/Clovis-I",
        "www.worldhistory.org/Clovis_I",
        "www.historyguide.org/ancient/clovis.html",
        "www.snippetsofparis.com/clovis",
        "www.teacherscollegesj.org/who-was-clovis-and-why-did-he-convert-to-christianity"
    ],
    "Where was the pharos located": [
        "www.britannica.com/topic/lighthouse-of-Alexandria",
        "www.nationalgeographic.org/encyclopedia/pharaohs",
        "www.en.wikipedia.org/wiki/Lighthouse_of_Alexandria",
        "www.unmuseum.org/pharos.htm",
        "www.britannica.com/topic/Pyramids-of-Giza"
    ],
    "Ingrediance in 7up": [
        "www.7up.com/en/products/7up",
        "www.thevintagenews.com/2018/11/30/7-up-lithium",
        "www.en.wikipedia.org/wiki/7_Up",
        "www.huffpost.com/entry/7up-history_n_5836322",
        "www.fooducate.com/product/7-Up-Soda/77183476-E112-11DF-A102-FEFD45A4D471"
    ],
    "What are the differences between butterflies and birds": [
        "www.startribune.com/birds-and-butterflies-have-much-in-common/432992283",
        "www.livescience.com/34472-difference-between-moth-butterfly.html",
        "www.helpfulhyena.com/birds-and-insects-similarities-differences-and-much-more",
        "www.wikidiff.com/bird/butterfly",
        "www.uky.edu/hort/butterflies/all-about-butterflies"
    ],
    "What party is dalton mcguinty part of": [
        "www.thecanadianencyclopedia.ca/en/article/dalton-mcguinty",
        "www.en.wikipedia.org/wiki/Dalton_McGuinty",
        "www.ola.org/en/members/all/dalton-mcguinty",
        "www.tvo.org/article/the-partial-return-of-dalton-mcguinty",
        "www.cbc.ca/news/canada/mcguinty-wins-massive-majority-tory-loses-seat-1.641384"
    ],
    "Best carb for a 305": [
        "www.axleandchassis.com/engines/best-carburetor-for-305-chevy",
        "www.boomocity.com/best-carburetors-chevy-305",
        "www.hotrodders.com/threads/stock-305-what-carb-should-i-go-with.191260",
        "www.summitracing.com/search/part-type/carburetors/make/chevrolet/engine-size/5-0l-305",
        "www.nastyz28.com/threads/recommended-cfm-carburetor-for-a-stock-305-v8-engine.206897"
    ],
    "What causes an ulcer": [
        "www.mayoclinic.org/diseases-conditions/peptic-ulcer/symptoms-causes/syc-20354223",
        "www.familydoctor.org/condition/ulcers",
        "www.healthline.com/health/stomach-ulcer",
        "www.medicinenet.com/what_are_the_common_causes_of_stomach_ulcers/article.htm",
        "www.niddk.nih.gov/health-information/digestive-diseases/peptic-ulcers-stomach-ulcers/symptoms-causes"
    ],
    "Anecdote about twix": [
        "www.mashed.com/206290/the-untold-truth-of-twix",
        "www.justfunfacts.com/interesting-facts-about-twix",
        "www.twix.com/our-story",
        "www.mashed.com/349074/why-you-should-think-twice-about-eating-twix",
        "www.twix.com"
    ],
    "What is the significance of fecalysis": [
        "www.labtestsguide.com/fecal-analysis",
        "www.nurseslabs.com/fecal-analysis-stool-analysis",
        "www.mayoclinic.org/tests-procedures/fecal-occult-blood-test/about/pac-20394112",
        "www.medlineplus.gov/lab-tests/white-blood-cell-wbc-in-stool",
        "www.medlineplus.gov/lab-tests/fecal-occult-blood-test-fobt"
    ],
    "What are the two symbol of elivation on a map": [
        "www.usgs.gov/educational-resources/topographic-map-symbols",
        "www.planningtank.com/geographic-information-system/topographic-map-elevation-map",
        "www.pubs.usgs.gov/gip/TopographicMapSymbols/topomapsymbols.pdf",
        "www.usgs.gov/programs/national-geospatial-program/national-map",
        "www.en.wikipedia.org/wiki/Elevation"
    ],
    "Why was hera 's symbol a pomegraete": [
        "www.sweetishhill.com/why-is-heras-symbol-a-pomegranate",
        "www.mythnerd.com/3-symbols-of-hera-what-are-they",
        "www.atemplewild.com/journal/pomegranate",
        "www.reference.com/world-view/meaning-hera-symbol-cc36ec38319a300d",
        "www.answers.com/Q/Why_is_the_goddess_hera_symbol_a_pomegranate"
    ],
    "What important event happened in 1867": [
        "www.eventshistory.com/date/1867",
        "www.onthisday.com/events/date/1867",
        "www.history.com/topics/american-civil-war/reconstruction",
        "www.onthisday.com/history/events/date/1867",
        "www.en.wikipedia.org/wiki/1867_in_the_United_States"
    ],
    "Who did victoria marry and wen": [
        "www.historytoday.com/archive/months-past/queen-victoria%E2%80%99s-wedding",
        "www.britannica.com/biography/Victoria-queen-of-United-Kingdom",
        "www.historyhit.com/facts-marriage-queen-victoria-prince-albert",
        "www.bbc.com/news/magazine-20782442",
        "www.historyextra.com/period/victorian/queen-victoria-marriage-prince-albert-unhappy-husband"
    ]
}